<?xml version="1.0" encoding="UTF-8"?>
<!DOCTYPE mapper
  PUBLIC "-//mybatis.org//DTD Mapper 3.0//EN"
  "http://mybatis.org/dtd/mybatis-3-mapper.dtd">
<mapper namespace="com.spring.admin.domain.BoardVO">


	<!-- 게시물 작성 -->
	<insert id="write" parameterType="com.spring.admin.domain.BoardVO" useGeneratedKeys="true" keyProperty="admin_number">
	<selectKey keyProperty="admin_number" resultType="int" order="BEFORE">
		select admin_num.nextval from dual
	</selectKey>
	<![CDATA[
		INSERT INTO admin 
		VALUES(#{admin_number}, #{admin_writer}, #{admin_title}, sysdate, #{admin_content}, #{admin_image, jdbcType=VARCHAR})
	]]>
	</insert>
	
	<!-- 파일 업로드 -->
	<insert id="insertFile" parameterType="hashMap">
		INSERT INTO MP_FILE(
			FILE_NO, admin_number, ORG_FILE_NAME, STORED_FILE_NAME,	FILE_SIZE
		)
		VALUES(SEQ_MP_FILE_NO.NEXTVAL, #{admin_number}, #{ORG_FILE_NAME}, #{STORED_FILE_NAME}, #{FILE_SIZE})
    </insert>
    
    <!-- 첨부파일 조회 -->
	<select id="selectFileList" parameterType="int" resultType="hashMap">
		SELECT FILE_NO,
		   ORG_FILE_NAME,
		   ROUND(FILE_SIZE/1024,1) AS FILE_SIZE
	    FROM MP_FILE
		 WHERE admin_number = #{admin_number} AND DEL_GB = 'N' ORDER BY FILE_NO ASC
	</select>
	
	<!-- 첨부파일 다운 -->
	<select id="selectFileInfo" parameterType="hashMap" resultType="hashMap">
		SELECT 
			STORED_FILE_NAME,
			ORG_FILE_NAME
		FROM MP_FILE
		WHERE FILE_NO = #{FILE_NO}
	</select>
	
	<!-- 파일 수정 -->
	<update id="updateFile" parameterType="hashMap">
    	UPDATE MP_FILE SET
    	DEL_GB = 'Y'
    	WHERE FILE_NO = #{FILE_NO}
    </update>
	
	
	

	<!-- 게시물 조회 -->
	<select id="view" parameterType="int"
		resultType="com.spring.admin.domain.BoardVO">
		select * from admin where admin_number = #{admin_number}
	</select>

	<!-- 게시글 수정 -->
	<update id="modify"
		parameterType="com.spring.admin.domain.BoardVO">
		update admin set
		admin_title = #{admin_title},
		admin_writer = #{admin_writer},
		admin_content = #{admin_content},
		admin_date = sysdate
		where admin_number = #{admin_number}
	</update>

	<!-- 게시물 삭제 -->
	<delete id="delete" parameterType="int">
		delete from admin where admin_number = #{admin_number}
	</delete>
	
	 <!-- 게시물 총 갯수 -->
	<select id="count" parameterType="hashMap" resultType="int">
	<![CDATA[
 		select count(admin_number) from admin
 		]]>
 		
 		<if test='searchType.equals("title")'>
			where (admin_title LIKE '%'||#{keyword}||'%')
		</if>

		<if test='searchType.equals("content")'>
			where (admin_content LIKE '%'||#{keyword}||'%')
		</if>

		<if test='searchType.equals("title_content")'>
			where (admin_title LIKE '%'||#{keyword}||'%'
			or admin_content LIKE '%'||#{keyword}||'%')
		</if>

		<if test='searchType.equals("writer")'>
			where (admin_writer LIKE '%'||#{keyword}||'%')
		</if>
	</select>
	

	<!-- 게시물 목록 + 페이징 + 검색 -->
	<select id="listPage" parameterType="hashMap"
		resultType="com.spring.admin.domain.BoardVO">
		<![CDATA[
        select B.admin_number, B.admin_title, B.admin_content, B.admin_writer, B.admin_date 
         from(
                select/*+index_desc(A admin_number)*/ rownum as rn, A.admin_number, A.admin_title, A.admin_content, A.admin_writer, A.admin_date
                from (select admin_number, admin_title, admin_content, admin_writer, admin_date from admin order by admin_number desc) A
                where rownum <= #{postNum}
                
                ]]>
		<if test='searchType.equals("title")'>
			and (admin_title LIKE '%'||#{keyword}||'%')
		</if>

		<if test='searchType.equals("content")'>
			and (admin_content LIKE '%'||#{keyword}||'%')
		</if>

		<if test='searchType.equals("title_content")'>
			and (admin_title LIKE '%'||#{keyword}||'%'
			or admin_content LIKE '%'||#{keyword}||'%')
		</if>

		<if test='searchType.equals("writer")'>
			and (admin_writer LIKE '%'||#{keyword}||'%')
		</if>
    
    <![CDATA[
                
                ) B
        where rn > #{displayPost}
    	]]>
	</select>
	




</mapper>